id,question,gold_answers,retrieved_pids,supporting_snippets,draft_answer,final_answer_after_reflection
2435555,Who was the screenwriter for On the Town?,"['Betty Comden', 'Basya Cohen', 'Adolph Green']","['P0000_00', 'P0036_00', 'P0029_00', 'P0041_00', 'P0022_00']","[P1] pid=P0000_00, title=On the Town (film): On the Town is a 1949 American Technicolor musical film with music by Leonard Bernstein and Roger Edens and book and lyrics by Betty Comden and Adolph Green. It is an adaptation of the Broadway stage musical of the same name produced in 1944, although many changes in the script and score were made to the original stage version; for instance, most of Bernstein's score was dropped in favor of new songs by Edens, who felt that the majority of Bernstein's music was too complex and too operatic for f
[P2] pid=P0036_00, title=Little Children (film): Little Children is a 2006 satirical melodrama film directed by Todd Field, based on the 2004 novel by Tom Perrotta, who co-wrote the screenplay with Field. It follows Sarah Pierce, an unhappy housewife who has an affair with a married neighbor. Also starring are Jennifer Connelly, Jackie Earle Haley, Noah Emmerich, Gregg Edelman, Phyllis Somerville, and Will Lyman.
[P3] pid=P0029_00, title=After Hours (film): After Hours is a 1985 American neo-noir black comedy film directed by Martin Scorsese, written by Joseph Minion, and produced by Amy Robinson, Griffin Dunne, and Robert F. Colesberry. Dunne stars as Paul Hackett, an office worker who experiences a series of misadventures while attempting to make his way home from Manhattan's SoHo district during the night.
[P4] pid=P0041_00, title=The Company (miniseries): The Company is a three-part serial about the activities of the CIA during the Cold War. It was based on the best-selling 2002 novel of the same name by Robert Littell. The teleplay adaptation was written by Ken Nolan, who received a Writers Guild of America Award for Television: Long Form – Adapted. The series aired on TNT from August 5 to August 19, 2007.
[P5] pid=P0022_00, title=Grease (film): Grease is a 1978 American musical romantic comedy film directed by Randal Kleiser from a screenplay by Bronté Woodard and an adaptation by co-producer Allan Carr, based on the 1971 stage musical of the same name by Jim Jacobs and Warren Casey. The plot follows greaser Danny Zuko and Australian transfer student Sandy Olsson, who develop an attraction for each other during a summer romance.",The answer is Betty Comden [P1].,The answer is Betty Comden [P1].
5435111,What is the religion of Juan Soldevilla y Romero?,"['Catholic Church', 'Roman Catholic Church', 'Church', 'Roman Apostolic Catholic Church']","['P0001_00', 'P0034_00', 'P0017_00', 'P0030_00', 'P0048_00']","[P1] pid=P0001_00, title=Juan Soldevilla y Romero: Juan Soldevila y Romero was a Spanish Cardinal of the Roman Catholic Church who served as Archbishop of Zaragoza from 1901 until his death, and was elevated to the rank of cardinal in 1919.
[P2] pid=P0034_00, title=Anahí: Anahí Giovanna Puente Portilla, known mononymously as Anahí, is a Mexican singer, songwriter and actress. In 1986, she started her acting career when she was cast on Chiquilladas. After working on many successful telenovelas produced by Televisa, including Alondra (1995), Vivo por Elena (1998), El Diario de Daniela (1998) and Mujeres Engañadas (1999), her first leading role was in Pedro Damián's production, Primer Amor... A Mil por Hora (2000). In 2003, she joined the cast of Clase 406. Anahí re
[P3] pid=P0017_00, title=The Book of Mormon (musical): The Book of Mormon is an American musical comedy with music, lyrics, and book by Trey Parker, Robert Lopez, and Matt Stone. The story follows two missionaries of the Church of Jesus Christ of Latter-day Saints as they attempt to preach the faith to the inhabitants of a remote Ugandan village. The earnest young men are challenged by the lack of interest from the locals, who are distracted by more pressing issues such as HIV/AIDS, famine, and oppression by the local warlord.
[P4] pid=P0030_00, title=Boston College: Boston College (BC) is a private Catholic Jesuit research university in Chestnut Hill, Massachusetts, United States. Founded in 1863 by the Society of Jesus, a Catholic religious order, the university has more than 15,000 total students.
[P5] pid=P0048_00, title=Jamaica: Jamaica is an island country in the Caribbean, covering 10,990 square kilometres (4,240 sq mi). It is the third-largest island in the Greater Antilles and the Caribbean, after Cuba and the island of Hispaniola. Jamaica lies about 145 km (78 nmi) south of Cuba, 191 km (103 nmi) west of Hispaniola, and 215 km (116 nmi) southeast of the Cayman Islands. With 2.8 million people, Jamaica is the third most populous Anglophone country in the Americas and the fourth most populous country in the Caribbean",The answer is Catholic Church [P1] [P3].,The answer is Catholic Church [P1] [P3].
2490460,What genre is Haddaway?,"['Eurodance', 'Euro-dance', 'Euro dance']","['P0002_00', 'P0016_00', 'P0010_00', 'P0035_00', 'P0043_00']","[P1] pid=P0002_00, title=The Album (Haddaway album): The Album is the debut album by Trinidadian-German Eurodance recording artist Haddaway, released in September 1993 by Coconut Records. It includes the hit singles ""What Is Love"", ""Life"", ""I Miss You"" and ""Rock My Heart"". The lead single, ""What Is Love"", was certified gold by the RIAA for sales of over 500,000 copies. In 2011, the album was released onto the iTunes Store by Razor & Tie.
[P2] pid=P0016_00, title=Quenta Silmarillion: The Silmarillion is a book consisting of a collection of myths and stories in varying styles by the English writer J. R. R. Tolkien. It was edited, partly written, and published posthumously by his son Christopher in 1977, assisted by Guy Gavriel Kay, who became a fantasy author. It tells of Eä, a fictional universe that includes the Blessed Realm of Valinor, the ill-fated region of Beleriand, the island of Númenor, and the continent of Middle-earth, where Tolkien's most popular works—The Hobbit
[P3] pid=P0010_00, title=Slim (film): Slim is a 1937 American romantic drama film directed by Ray Enright and starring Pat O'Brien, Henry Fonda and Margaret Lindsay. It is sometimes (incorrectly) called Slim the Lineman. The picture is a film adaptation of the 1934 novel Slim by William Wister Haines, which concerns linemen in the electric power industry. The supporting cast features Jane Wyman.
[P4] pid=P0035_00, title=Signifying Rappers: Signifying Rappers: Rap and Race in the Urban Present is a nonfiction book by Mark Costello and David Foster Wallace. The book explores the music genre's history as it intersected with historical events, either locally and unique to Boston, or in larger cultural or historical contexts.
[P5] pid=P0043_00, title=The Slim Shady LP: The Slim Shady LP is the second studio album and major label debut by American rapper Eminem. It was released through Aftermath Entertainment, WEB Entertainment, and Interscope Records on February 23, 1999. Recorded in Ferndale, Michigan, following Eminem's recruitment by Dr. Dre and Jimmy Iovine, the album features production from Eminem himself, alongside Dr. Dre and the Bass Brothers. Featuring hip-hop and horrorcore musical styles, the majority of The Slim Shady LP's lyrical content was writ",The answer is Eurodance [P1].,The answer is Eurodance [P1].
402939,Who was the composer of Chances Are?,"['Maurice Jarre', 'Maurice-Alexis Jarre']","['P0003_00', 'P0000_00', 'P0047_00', 'P0017_00', 'P0040_00']","[P1] pid=P0003_00, title=Chances Are (film): Chances Are is a 1989 American romantic fantasy comedy film directed by Emile Ardolino and starring Cybill Shepherd, Robert Downey Jr., Ryan O'Neal, and Mary Stuart Masterson in Panavision. The original music score was composed by Maurice Jarre.
[P2] pid=P0000_00, title=On the Town (film): On the Town is a 1949 American Technicolor musical film with music by Leonard Bernstein and Roger Edens and book and lyrics by Betty Comden and Adolph Green. It is an adaptation of the Broadway stage musical of the same name produced in 1944, although many changes in the script and score were made to the original stage version; for instance, most of Bernstein's score was dropped in favor of new songs by Edens, who felt that the majority of Bernstein's music was too complex and too operatic for f
[P3] pid=P0047_00, title=Imagine This: Imagine This is a musical with music by Shuki Levy, lyrics by David Goldsmith and a book by Glenn Berenbeim. Set in the Warsaw Ghetto during World War II, it focuses on a family of actors trying to stage a play about the siege at ancient Masada to inspire hope and optimism within the Jewish community.
[P4] pid=P0017_00, title=The Book of Mormon (musical): The Book of Mormon is an American musical comedy with music, lyrics, and book by Trey Parker, Robert Lopez, and Matt Stone. The story follows two missionaries of the Church of Jesus Christ of Latter-day Saints as they attempt to preach the faith to the inhabitants of a remote Ugandan village. The earnest young men are challenged by the lack of interest from the locals, who are distracted by more pressing issues such as HIV/AIDS, famine, and oppression by the local warlord.
[P5] pid=P0040_00, title=Seven Songs for Malcolm X: Seven Songs for Malcolm X is a British documentary film about the life of Malcolm X, the influential civil rights activist who was assassinated in 1965. The film was written and directed by John Akomfrah, with co-writer Edward George, and produced by Lina Gopaul. The Black Audio Film Collective, Akomfrah's London-based company, and Channel 4 Television Corporation were both involved in the production of the film. It was first aired at the Toronto Festival of Festivals in Canada, on 15 September ",The answer is Maurice Jarre [P1].,The answer is Maurice Jarre [P1].
5947997,Who was the producer of The Pioneers?,"['Franklyn Barrett', 'Walter Franklyn Barrett']","['P0040_00', 'P0022_00', 'P0027_00', 'P0000_00', 'P0045_01']","[P1] pid=P0040_00, title=Seven Songs for Malcolm X: Seven Songs for Malcolm X is a British documentary film about the life of Malcolm X, the influential civil rights activist who was assassinated in 1965. The film was written and directed by John Akomfrah, with co-writer Edward George, and produced by Lina Gopaul. The Black Audio Film Collective, Akomfrah's London-based company, and Channel 4 Television Corporation were both involved in the production of the film. It was first aired at the Toronto Festival of Festivals in Canada, on 15 September 
[P2] pid=P0022_00, title=Grease (film): Grease is a 1978 American musical romantic comedy film directed by Randal Kleiser from a screenplay by Bronté Woodard and an adaptation by co-producer Allan Carr, based on the 1971 stage musical of the same name by Jim Jacobs and Warren Casey. The plot follows greaser Danny Zuko and Australian transfer student Sandy Olsson, who develop an attraction for each other during a summer romance.
[P3] pid=P0027_00, title=Click (2006 film): Click is a 2006 American fantasy comedy-drama film directed by Frank Coraci, written by Steve Koren and Mark O'Keefe, both of whom produced with Jack Giarraputo, Neal H. Moritz, and Adam Sandler, who also starred in the lead role. The film co-stars Kate Beckinsale, Christopher Walken, Henry Winkler, David Hasselhoff, Julie Kavner, and Sean Astin. Sandler plays Michael Newman, a workaholic family man and architect who acquires a magical universal remote that enables him to control reality. The fi
[P4] pid=P0000_00, title=On the Town (film): On the Town is a 1949 American Technicolor musical film with music by Leonard Bernstein and Roger Edens and book and lyrics by Betty Comden and Adolph Green. It is an adaptation of the Broadway stage musical of the same name produced in 1944, although many changes in the script and score were made to the original stage version; for instance, most of Bernstein's score was dropped in favor of new songs by Edens, who felt that the majority of Bernstein's music was too complex and too operatic for f
[P5] pid=P0045_01, title=Argo (2012 film): Mendez led the rescue of six U.S. diplomats from Tehran, Iran, under the guise of filming a science-fiction film during the 1979–81 Iran hostage crisis. The film, which also has Bryan Cranston, Alan Arkin, and John Goodman in supporting roles, was released by Warner Bros. Pictures in the United States on October 12, 2012. It was produced by Affleck, Grant Heslov, and George Clooney.",Insufficient evidence in the retrieved passages.,Insufficient evidence in the retrieved passages.
1332312,Who was the screenwriter for The City?,"['Clyde Fitch', 'William Clyde Fitch']","['P0004_00', 'P0041_00', 'P0029_00', 'P0036_00', 'P0000_00']","[P1] pid=P0004_00, title=The City (1916 film): The City is a lost 1916 silent film based on Clyde Fitch's 1909 play, The City. It was distributed by the World Film Company.
[P2] pid=P0041_00, title=The Company (miniseries): The Company is a three-part serial about the activities of the CIA during the Cold War. It was based on the best-selling 2002 novel of the same name by Robert Littell. The teleplay adaptation was written by Ken Nolan, who received a Writers Guild of America Award for Television: Long Form – Adapted. The series aired on TNT from August 5 to August 19, 2007.
[P3] pid=P0029_00, title=After Hours (film): After Hours is a 1985 American neo-noir black comedy film directed by Martin Scorsese, written by Joseph Minion, and produced by Amy Robinson, Griffin Dunne, and Robert F. Colesberry. Dunne stars as Paul Hackett, an office worker who experiences a series of misadventures while attempting to make his way home from Manhattan's SoHo district during the night.
[P4] pid=P0036_00, title=Little Children (film): Little Children is a 2006 satirical melodrama film directed by Todd Field, based on the 2004 novel by Tom Perrotta, who co-wrote the screenplay with Field. It follows Sarah Pierce, an unhappy housewife who has an affair with a married neighbor. Also starring are Jennifer Connelly, Jackie Earle Haley, Noah Emmerich, Gregg Edelman, Phyllis Somerville, and Will Lyman.
[P5] pid=P0000_00, title=On the Town (film): On the Town is a 1949 American Technicolor musical film with music by Leonard Bernstein and Roger Edens and book and lyrics by Betty Comden and Adolph Green. It is an adaptation of the Broadway stage musical of the same name produced in 1944, although many changes in the script and score were made to the original stage version; for instance, most of Bernstein's score was dropped in favor of new songs by Edens, who felt that the majority of Bernstein's music was too complex and too operatic for f",The answer is Clyde Fitch [P1].,The answer is Clyde Fitch [P1].
1089786,In what city was Jerrold Katz born?,"['Washington, D.C.', 'Washington', 'Washington DC', 'Washington, DC', 'DC', 'D.C.', 'District of Columbia', 'Washington, District of Columbia', 'Washington D.C.', 'The District']","['P0004_00', 'P0024_00', 'P0048_00', 'P0040_01', 'P0000_00']","[P1] pid=P0004_00, title=The City (1916 film): The City is a lost 1916 silent film based on Clyde Fitch's 1909 play, The City. It was distributed by the World Film Company.
[P2] pid=P0024_00, title=Zhengzhou: Zhengzhou, previously romanized as Chengchow, is the capital and the largest city of Henan Province, China. With a population of 12.6 million people in 2021, it is China's 11th largest city by population. Zhengzhou is situated in north-central Henan Province at the eastern foothills of the Xiong'er Mountains and on the southern bank of the Yellow River; where its valley widens into the North China Plain. Zhengzhou is a major city within the Zhongyuan region, an area that has been continuously in
[P3] pid=P0048_00, title=Jamaica: Jamaica is an island country in the Caribbean, covering 10,990 square kilometres (4,240 sq mi). It is the third-largest island in the Greater Antilles and the Caribbean, after Cuba and the island of Hispaniola. Jamaica lies about 145 km (78 nmi) south of Cuba, 191 km (103 nmi) west of Hispaniola, and 215 km (116 nmi) southeast of the Cayman Islands. With 2.8 million people, Jamaica is the third most populous Anglophone country in the Americas and the fourth most populous country in the Caribbean
[P4] pid=P0040_01, title=Seven Songs for Malcolm X: Festivals in Canada, on 15 September 1993, and then at the Chicago International Film Festival in October 1993. On 15 March 2009, it was released in the Czech Republic at the One World Film Festival. The film was distributed by Channel 4 Television Company. It was filmed in London and has a runtime of 52 minutes.
[P5] pid=P0000_00, title=On the Town (film): On the Town is a 1949 American Technicolor musical film with music by Leonard Bernstein and Roger Edens and book and lyrics by Betty Comden and Adolph Green. It is an adaptation of the Broadway stage musical of the same name produced in 1944, although many changes in the script and score were made to the original stage version; for instance, most of Bernstein's score was dropped in favor of new songs by Edens, who felt that the majority of Bernstein's music was too complex and too operatic for f","The answer is Washington, D.C. [P3].","The answer is Washington, D.C. [P3]."
4382884,Who was the screenwriter for Sixteen Candles?,"['John Hughes', 'John Hughes, Jr.']","['P0005_00', 'P0041_00', 'P0036_00', 'P0029_00', 'P0022_00']","[P1] pid=P0005_00, title=Sixteen Candles: Sixteen Candles is a 1984 American coming-of-age teen comedy film starring Molly Ringwald, Michael Schoeffling, and Anthony Michael Hall. Written and directed by John Hughes in his directorial debut, it was the first in a string of films Hughes would direct, centering on teenage life. The film follows newly 16-year-old Samantha Baker (Ringwald), who deals with a seemingly unrequited crush on high school senior Jake Ryan (Schoeffling) while also being pursued by freshman Ted ""The Geek"" Farmer (Ha
[P2] pid=P0041_00, title=The Company (miniseries): The Company is a three-part serial about the activities of the CIA during the Cold War. It was based on the best-selling 2002 novel of the same name by Robert Littell. The teleplay adaptation was written by Ken Nolan, who received a Writers Guild of America Award for Television: Long Form – Adapted. The series aired on TNT from August 5 to August 19, 2007.
[P3] pid=P0036_00, title=Little Children (film): Little Children is a 2006 satirical melodrama film directed by Todd Field, based on the 2004 novel by Tom Perrotta, who co-wrote the screenplay with Field. It follows Sarah Pierce, an unhappy housewife who has an affair with a married neighbor. Also starring are Jennifer Connelly, Jackie Earle Haley, Noah Emmerich, Gregg Edelman, Phyllis Somerville, and Will Lyman.
[P4] pid=P0029_00, title=After Hours (film): After Hours is a 1985 American neo-noir black comedy film directed by Martin Scorsese, written by Joseph Minion, and produced by Amy Robinson, Griffin Dunne, and Robert F. Colesberry. Dunne stars as Paul Hackett, an office worker who experiences a series of misadventures while attempting to make his way home from Manhattan's SoHo district during the night.
[P5] pid=P0022_00, title=Grease (film): Grease is a 1978 American musical romantic comedy film directed by Randal Kleiser from a screenplay by Bronté Woodard and an adaptation by co-producer Allan Carr, based on the 1971 stage musical of the same name by Jim Jacobs and Warren Casey. The plot follows greaser Danny Zuko and Australian transfer student Sandy Olsson, who develop an attraction for each other during a summer romance.",The answer is John Hughes [P1].,The answer is John Hughes [P1].
1387463,Who is the author of Revolution?,"['Russell Brand', 'Russell Edward Brand']","['P0016_00', 'P0009_00', 'P0041_00', 'P0020_00', 'P0017_00']","[P1] pid=P0016_00, title=Quenta Silmarillion: The Silmarillion is a book consisting of a collection of myths and stories in varying styles by the English writer J. R. R. Tolkien. It was edited, partly written, and published posthumously by his son Christopher in 1977, assisted by Guy Gavriel Kay, who became a fantasy author. It tells of Eä, a fictional universe that includes the Blessed Realm of Valinor, the ill-fated region of Beleriand, the island of Númenor, and the continent of Middle-earth, where Tolkien's most popular works—The Hobbit
[P2] pid=P0009_00, title=Heaven (Stewart and Cohen novel): Heaven is a 2004 science fiction novel by British mathematician Ian Stewart and British biologist Jack Cohen. It is a loose sequel to Wheelers.
[P3] pid=P0041_00, title=The Company (miniseries): The Company is a three-part serial about the activities of the CIA during the Cold War. It was based on the best-selling 2002 novel of the same name by Robert Littell. The teleplay adaptation was written by Ken Nolan, who received a Writers Guild of America Award for Television: Long Form – Adapted. The series aired on TNT from August 5 to August 19, 2007.
[P4] pid=P0020_00, title=Many Moons: Many Moons is an American children's picture book written by James Thurber and illustrated by Louis Slobodkin. It was published by Harcourt, Brace & Company in 1943 and won the Caldecott Medal in 1944. The book centers around a young girl, Princess Lenore, who becomes ill, and only one thing will make her better: the Moon. The book was Thurber's first picture book.
[P5] pid=P0017_00, title=The Book of Mormon (musical): The Book of Mormon is an American musical comedy with music, lyrics, and book by Trey Parker, Robert Lopez, and Matt Stone. The story follows two missionaries of the Church of Jesus Christ of Latter-day Saints as they attempt to preach the faith to the inhabitants of a remote Ugandan village. The earnest young men are challenged by the lack of interest from the locals, who are distracted by more pressing issues such as HIV/AIDS, famine, and oppression by the local warlord.",Insufficient evidence in the retrieved passages.,Insufficient evidence in the retrieved passages.
1366412,Who was the screenwriter for The Great Fire?,"['Tom Bradby', 'Thomas Matthew Bradby']","['P0006_00', 'P0045_00', 'P0041_00', 'P0029_00', 'P0027_00']","[P1] pid=P0006_00, title=The Great Fire (TV series): The Great Fire is a four-part television drama first shown on ITV from 16 October to 6 November 2014. It is set during the Great Fire of London in England in 1666. It was written by Tom Bradby and produced by Ecosse Films. Each hour-long episode is set in one day of the fire.
[P2] pid=P0045_00, title=Argo (2012 film): Argo is a 2012 American historical political espionage drama thriller film directed by, produced by, and starring Ben Affleck. The screenplay, written by Chris Terrio, was adapted from the 1999 memoir The Master of Disguise by U.S. C.I.A. operative Tony Mendez and the 2007 Wired article ""The Great Escape: How the CIA Used a Fake Sci-Fi Flick to Rescue Americans from Tehran"" written by Joshuah Bearman. The film deals with the ""Canadian Caper"", in which Mendez led the rescue of six U.S. diplomats 
[P3] pid=P0041_00, title=The Company (miniseries): The Company is a three-part serial about the activities of the CIA during the Cold War. It was based on the best-selling 2002 novel of the same name by Robert Littell. The teleplay adaptation was written by Ken Nolan, who received a Writers Guild of America Award for Television: Long Form – Adapted. The series aired on TNT from August 5 to August 19, 2007.
[P4] pid=P0029_00, title=After Hours (film): After Hours is a 1985 American neo-noir black comedy film directed by Martin Scorsese, written by Joseph Minion, and produced by Amy Robinson, Griffin Dunne, and Robert F. Colesberry. Dunne stars as Paul Hackett, an office worker who experiences a series of misadventures while attempting to make his way home from Manhattan's SoHo district during the night.
[P5] pid=P0027_00, title=Click (2006 film): Click is a 2006 American fantasy comedy-drama film directed by Frank Coraci, written by Steve Koren and Mark O'Keefe, both of whom produced with Jack Giarraputo, Neal H. Moritz, and Adam Sandler, who also starred in the lead role. The film co-stars Kate Beckinsale, Christopher Walken, Henry Winkler, David Hasselhoff, Julie Kavner, and Sean Astin. Sandler plays Michael Newman, a workaholic family man and architect who acquires a magical universal remote that enables him to control reality. The fi",The answer is Tom Bradby [P1].,The answer is Tom Bradby [P1].
